--@D:\app\SGS\Script\AppendCD024.sql


INSERT INTO CD024(CodeNo,Description,PayFlag,CompCode,StopFlag,ChannelID,ProviderId,StartDate) Values(101,'?品1',1,12,0,'1','P1',to_date('2003/01/01','YYYY/MM/DD'));
INSERT INTO CD024(CodeNo,Description,PayFlag,CompCode,StopFlag,ChannelID,ProviderId,StartDate) Values(102,'?品2',1,12,0,'2','P1',to_date('2003/01/01','YYYY/MM/DD'));
INSERT INTO CD024(CodeNo,Description,PayFlag,CompCode,StopFlag,ChannelID,ProviderId,StartDate) Values(103,'?品3',1,12,0,'3','P1',to_date('2003/01/01','YYYY/MM/DD'));
INSERT INTO CD024(CodeNo,Description,PayFlag,CompCode,StopFlag,ChannelID,ProviderId,StartDate) Values(104,'?品4',1,12,0,'4','P1',to_date('2003/01/01','YYYY/MM/DD'));
INSERT INTO CD024(CodeNo,Description,PayFlag,CompCode,StopFlag,ChannelID,ProviderId,StartDate) Values(105,'?品5',1,12,0,'5','P1',to_date('2003/01/01','YYYY/MM/DD'));
INSERT INTO CD024(CodeNo,Description,PayFlag,CompCode,StopFlag,ChannelID,ProviderId,StartDate) Values(106,'?品6',1,12,0,'6','P1',to_date('2003/01/01','YYYY/MM/DD'));
INSERT INTO CD024(CodeNo,Description,PayFlag,CompCode,StopFlag,ChannelID,ProviderId,StartDate) Values(107,'?品7',1,12,0,'7','P1',to_date('2003/01/01','YYYY/MM/DD'));
INSERT INTO CD024(CodeNo,Description,PayFlag,CompCode,StopFlag,ChannelID,ProviderId,StartDate) Values(108,'?品8',1,12,0,'8','P1',to_date('2003/01/01','YYYY/MM/DD'));
INSERT INTO CD024(CodeNo,Description,PayFlag,CompCode,StopFlag,ChannelID,ProviderId,StartDate) Values(109,'?品9',1,12,0,'9','P1',to_date('2003/01/01','YYYY/MM/DD'));
INSERT INTO CD024(CodeNo,Description,PayFlag,CompCode,StopFlag,ChannelID,ProviderId,StartDate) Values(110,'?品10',1,12,0,'10','P1',to_date('2003/01/01','YYYY/MM/DD'));

INSERT INTO CD024(CodeNo,Description,PayFlag,CompCode,StopFlag,ChannelID,ProviderId,StartDate) Values(111,'?品11',1,12,0,'11','P1',to_date('2003/01/01','YYYY/MM/DD'));
INSERT INTO CD024(CodeNo,Description,PayFlag,CompCode,StopFlag,ChannelID,ProviderId,StartDate) Values(112,'?品12',1,12,0,'12','P1',to_date('2003/01/01','YYYY/MM/DD'));
INSERT INTO CD024(CodeNo,Description,PayFlag,CompCode,StopFlag,ChannelID,ProviderId,StartDate) Values(113,'?品13',1,12,0,'13','P1',to_date('2003/01/01','YYYY/MM/DD'));
INSERT INTO CD024(CodeNo,Description,PayFlag,CompCode,StopFlag,ChannelID,ProviderId,StartDate) Values(114,'?品14',1,12,0,'14','P1',to_date('2003/01/01','YYYY/MM/DD'));
INSERT INTO CD024(CodeNo,Description,PayFlag,CompCode,StopFlag,ChannelID,ProviderId,StartDate) Values(115,'?品15',1,12,0,'15','P1',to_date('2003/01/01','YYYY/MM/DD'));
INSERT INTO CD024(CodeNo,Description,PayFlag,CompCode,StopFlag,ChannelID,ProviderId,StartDate) Values(116,'?品16',1,12,0,'16','P1',to_date('2003/01/01','YYYY/MM/DD'));
INSERT INTO CD024(CodeNo,Description,PayFlag,CompCode,StopFlag,ChannelID,ProviderId,StartDate) Values(117,'?品17',1,12,0,'17','P1',to_date('2003/01/01','YYYY/MM/DD'));
INSERT INTO CD024(CodeNo,Description,PayFlag,CompCode,StopFlag,ChannelID,ProviderId,StartDate) Values(118,'?品18',1,12,0,'18','P1',to_date('2003/01/01','YYYY/MM/DD'));
INSERT INTO CD024(CodeNo,Description,PayFlag,CompCode,StopFlag,ChannelID,ProviderId,StartDate) Values(119,'?品19',1,12,0,'19','P1',to_date('2003/01/01','YYYY/MM/DD'));
INSERT INTO CD024(CodeNo,Description,PayFlag,CompCode,StopFlag,ChannelID,ProviderId,StartDate) Values(120,'?品20',1,12,0,'20','P1',to_date('2003/01/01','YYYY/MM/DD'));





INSERT INTO CD024A(CodeNo,Description,CompCode,StopFlag) Values('1','??1',12,0);
INSERT INTO CD024A(CodeNo,Description,CompCode,StopFlag) Values('2','??2',12,0);
INSERT INTO CD024A(CodeNo,Description,CompCode,StopFlag) Values('3','??3',12,0);
INSERT INTO CD024A(CodeNo,Description,CompCode,StopFlag) Values('4','??4',12,0);
INSERT INTO CD024A(CodeNo,Description,CompCode,StopFlag) Values('5','??5',12,0);
INSERT INTO CD024A(CodeNo,Description,CompCode,StopFlag) Values('6','??6',12,0);






INSERT INTO CD024B(ChannelID,CodeNo,Description,ProviderID,ProviderName) Values('1','2','??2','P1','??');
INSERT INTO CD024B(ChannelID,CodeNo,Description,ProviderID,ProviderName) Values('2','3','??3','P1','??');
INSERT INTO CD024B(ChannelID,CodeNo,Description,ProviderID,ProviderName) Values('3','4','??4','P1','??');
INSERT INTO CD024B(ChannelID,CodeNo,Description,ProviderID,ProviderName) Values('4','5','??5','P1','??');
INSERT INTO CD024B(ChannelID,CodeNo,Description,ProviderID,ProviderName) Values('5','6','??6','P1','??');
INSERT INTO CD024B(ChannelID,CodeNo,Description,ProviderID,ProviderName) Values('6','1','??1','P1','??');
INSERT INTO CD024B(ChannelID,CodeNo,Description,ProviderID,ProviderName) Values('7','2','??2','P1','??');
INSERT INTO CD024B(ChannelID,CodeNo,Description,ProviderID,ProviderName) Values('8','3','??3','P1','??');
INSERT INTO CD024B(ChannelID,CodeNo,Description,ProviderID,ProviderName) Values('9','4','??4','P1','??');
INSERT INTO CD024B(ChannelID,CodeNo,Description,ProviderID,ProviderName) Values('10','5','??5','P1','??');

INSERT INTO CD024B(ChannelID,CodeNo,Description,ProviderID,ProviderName) Values('11','6','??6','P1','??');
INSERT INTO CD024B(ChannelID,CodeNo,Description,ProviderID,ProviderName) Values('12','1','??1','P1','??');
INSERT INTO CD024B(ChannelID,CodeNo,Description,ProviderID,ProviderName) Values('13','2','??2','P1','??');
INSERT INTO CD024B(ChannelID,CodeNo,Description,ProviderID,ProviderName) Values('14','3','??3','P1','??');
INSERT INTO CD024B(ChannelID,CodeNo,Description,ProviderID,ProviderName) Values('15','4','??4','P1','??');
INSERT INTO CD024B(ChannelID,CodeNo,Description,ProviderID,ProviderName) Values('16','5','??5','P1','??');
INSERT INTO CD024B(ChannelID,CodeNo,Description,ProviderID,ProviderName) Values('17','6','??6','P1','??');
INSERT INTO CD024B(ChannelID,CodeNo,Description,ProviderID,ProviderName) Values('18','1','??1','P1','??');
INSERT INTO CD024B(ChannelID,CodeNo,Description,ProviderID,ProviderName) Values('19','2','??2','P1','??');
INSERT INTO CD024B(ChannelID,CodeNo,Description,ProviderID,ProviderName) Values('20','3','??3','P1','??');





COMMIT;



