--@D:\app\SGS\Script\AppendCD024.sql


INSERT INTO CD024(CodeNo,Description,PayFlag,CompCode,StopFlag,ChannelID,ProviderId,StartDate) Values(101,'玻~1',1,7,0,'1','P1',to_date('2003/01/01','YYYY/MM/DD'));
INSERT INTO CD024(CodeNo,Description,PayFlag,CompCode,StopFlag,ChannelID,ProviderId,StartDate) Values(102,'玻~2',1,7,0,'2','P1',to_date('2003/01/01','YYYY/MM/DD'));
INSERT INTO CD024(CodeNo,Description,PayFlag,CompCode,StopFlag,ChannelID,ProviderId,StartDate) Values(103,'玻~3',1,7,0,'3','P1',to_date('2003/01/01','YYYY/MM/DD'));
INSERT INTO CD024(CodeNo,Description,PayFlag,CompCode,StopFlag,ChannelID,ProviderId,StartDate) Values(104,'玻~4',1,7,0,'4','P1',to_date('2003/01/01','YYYY/MM/DD'));
INSERT INTO CD024(CodeNo,Description,PayFlag,CompCode,StopFlag,ChannelID,ProviderId,StartDate) Values(105,'玻~5',1,7,0,'5','P1',to_date('2003/01/01','YYYY/MM/DD'));
INSERT INTO CD024(CodeNo,Description,PayFlag,CompCode,StopFlag,ChannelID,ProviderId,StartDate) Values(106,'玻~6',1,7,0,'6','P1',to_date('2003/01/01','YYYY/MM/DD'));
INSERT INTO CD024(CodeNo,Description,PayFlag,CompCode,StopFlag,ChannelID,ProviderId,StartDate) Values(107,'玻~7',1,7,0,'7','P1',to_date('2003/01/01','YYYY/MM/DD'));
INSERT INTO CD024(CodeNo,Description,PayFlag,CompCode,StopFlag,ChannelID,ProviderId,StartDate) Values(108,'玻~8',1,7,0,'8','P1',to_date('2003/01/01','YYYY/MM/DD'));
INSERT INTO CD024(CodeNo,Description,PayFlag,CompCode,StopFlag,ChannelID,ProviderId,StartDate) Values(109,'玻~9',1,7,0,'9','P1',to_date('2003/01/01','YYYY/MM/DD'));
INSERT INTO CD024(CodeNo,Description,PayFlag,CompCode,StopFlag,ChannelID,ProviderId,StartDate) Values(110,'玻~10',1,7,0,'10','P1',to_date('2003/01/01','YYYY/MM/DD'));

INSERT INTO CD024(CodeNo,Description,PayFlag,CompCode,StopFlag,ChannelID,ProviderId,StartDate) Values(111,'玻~11',1,7,0,'11','P1',to_date('2003/01/01','YYYY/MM/DD'));
INSERT INTO CD024(CodeNo,Description,PayFlag,CompCode,StopFlag,ChannelID,ProviderId,StartDate) Values(112,'玻~12',1,7,0,'12','P1',to_date('2003/01/01','YYYY/MM/DD'));
INSERT INTO CD024(CodeNo,Description,PayFlag,CompCode,StopFlag,ChannelID,ProviderId,StartDate) Values(113,'玻~13',1,7,0,'13','P1',to_date('2003/01/01','YYYY/MM/DD'));
INSERT INTO CD024(CodeNo,Description,PayFlag,CompCode,StopFlag,ChannelID,ProviderId,StartDate) Values(114,'玻~14',1,7,0,'14','P1',to_date('2003/01/01','YYYY/MM/DD'));
INSERT INTO CD024(CodeNo,Description,PayFlag,CompCode,StopFlag,ChannelID,ProviderId,StartDate) Values(115,'玻~15',1,7,0,'15','P1',to_date('2003/01/01','YYYY/MM/DD'));
INSERT INTO CD024(CodeNo,Description,PayFlag,CompCode,StopFlag,ChannelID,ProviderId,StartDate) Values(116,'玻~16',1,7,0,'16','P1',to_date('2003/01/01','YYYY/MM/DD'));
INSERT INTO CD024(CodeNo,Description,PayFlag,CompCode,StopFlag,ChannelID,ProviderId,StartDate) Values(117,'玻~17',1,7,0,'17','P1',to_date('2003/01/01','YYYY/MM/DD'));
INSERT INTO CD024(CodeNo,Description,PayFlag,CompCode,StopFlag,ChannelID,ProviderId,StartDate) Values(118,'玻~18',1,7,0,'18','P1',to_date('2003/01/01','YYYY/MM/DD'));
INSERT INTO CD024(CodeNo,Description,PayFlag,CompCode,StopFlag,ChannelID,ProviderId,StartDate) Values(119,'玻~19',1,7,0,'19','P1',to_date('2003/01/01','YYYY/MM/DD'));
INSERT INTO CD024(CodeNo,Description,PayFlag,CompCode,StopFlag,ChannelID,ProviderId,StartDate) Values(120,'玻~20',1,7,0,'20','P1',to_date('2003/01/01','YYYY/MM/DD'));





INSERT INTO CD024A(CodeNo,Description,CompCode,StopFlag) Values('1','代蝶1',7,0);
INSERT INTO CD024A(CodeNo,Description,CompCode,StopFlag) Values('2','代蝶2',7,0);
INSERT INTO CD024A(CodeNo,Description,CompCode,StopFlag) Values('3','代蝶3',7,0);
INSERT INTO CD024A(CodeNo,Description,CompCode,StopFlag) Values('4','代蝶4',7,0);
INSERT INTO CD024A(CodeNo,Description,CompCode,StopFlag) Values('5','代蝶5',7,0);
INSERT INTO CD024A(CodeNo,Description,CompCode,StopFlag) Values('6','代蝶6',7,0);






INSERT INTO CD024B(ChannelID,CodeNo,Description,ProviderID,ProviderName) Values('1','2','代蝶2','P1','代蝶');
INSERT INTO CD024B(ChannelID,CodeNo,Description,ProviderID,ProviderName) Values('2','3','代蝶3','P1','代蝶');
INSERT INTO CD024B(ChannelID,CodeNo,Description,ProviderID,ProviderName) Values('3','4','代蝶4','P1','代蝶');
INSERT INTO CD024B(ChannelID,CodeNo,Description,ProviderID,ProviderName) Values('4','5','代蝶5','P1','代蝶');
INSERT INTO CD024B(ChannelID,CodeNo,Description,ProviderID,ProviderName) Values('5','6','代蝶6','P1','代蝶');
INSERT INTO CD024B(ChannelID,CodeNo,Description,ProviderID,ProviderName) Values('6','1','代蝶1','P1','代蝶');
INSERT INTO CD024B(ChannelID,CodeNo,Description,ProviderID,ProviderName) Values('7','2','代蝶2','P1','代蝶');
INSERT INTO CD024B(ChannelID,CodeNo,Description,ProviderID,ProviderName) Values('8','3','代蝶3','P1','代蝶');
INSERT INTO CD024B(ChannelID,CodeNo,Description,ProviderID,ProviderName) Values('9','4','代蝶4','P1','代蝶');
INSERT INTO CD024B(ChannelID,CodeNo,Description,ProviderID,ProviderName) Values('10','5','代蝶5','P1','代蝶');

INSERT INTO CD024B(ChannelID,CodeNo,Description,ProviderID,ProviderName) Values('11','6','代蝶6','P1','代蝶');
INSERT INTO CD024B(ChannelID,CodeNo,Description,ProviderID,ProviderName) Values('12','1','代蝶1','P1','代蝶');
INSERT INTO CD024B(ChannelID,CodeNo,Description,ProviderID,ProviderName) Values('13','2','代蝶2','P1','代蝶');
INSERT INTO CD024B(ChannelID,CodeNo,Description,ProviderID,ProviderName) Values('14','3','代蝶3','P1','代蝶');
INSERT INTO CD024B(ChannelID,CodeNo,Description,ProviderID,ProviderName) Values('15','4','代蝶4','P1','代蝶');
INSERT INTO CD024B(ChannelID,CodeNo,Description,ProviderID,ProviderName) Values('16','5','代蝶5','P1','代蝶');
INSERT INTO CD024B(ChannelID,CodeNo,Description,ProviderID,ProviderName) Values('17','6','代蝶6','P1','代蝶');
INSERT INTO CD024B(ChannelID,CodeNo,Description,ProviderID,ProviderName) Values('18','1','代蝶1','P1','代蝶');
INSERT INTO CD024B(ChannelID,CodeNo,Description,ProviderID,ProviderName) Values('19','2','代蝶2','P1','代蝶');
INSERT INTO CD024B(ChannelID,CodeNo,Description,ProviderID,ProviderName) Values('20','3','代蝶3','P1','代蝶');








